,col1,col2,col3,col4,col5
4,***.00.204/****-20,NONO TABELIONATO DE NOTAS,0101 - FCPC,2017-01-02,24.81
18,***.00.360/****-04,CAIXA ECONOMICA FEDERAL,"3143 - TC - LG/UFC/FCPC - MOBILE, TOOLS & CAS",2017-01-26,40.59
50,***.00.360/****-04,CAIXA ECONOMICA FEDERAL,"3143 - TC - LG/UFC/FCPC - MOBILE, TOOLS & CAS",2017-01-24,40.59
79,***.00.360/****-04,CAIXA ECONOMICA FEDERAL,3178 - CT.UFC/FCPC-FARMACIA ESCOLA,2017-01-20,89.95
80,***.00.360/****-04,CAIXA ECONOMICA FEDERAL,3178 - CT.UFC/FCPC-FARMACIA ESCOLA,2017-01-20,4.28
105,***.00.360/****-04,CAIXA ECONOMICA FEDERAL,3225 - TC HITACHI/FCPC/UFC-HDS/OPENSTACK 2016,2017-01-20,74.96
109,***.00.360/****-04,CAIXA ECONOMICA FEDERAL,3224 - TC SMART/UFC/FCPC - DESENVOLVIMENTO DE UM SISTEMA DE DETECÇÃO DE FALHA SMART RMA F_2,2017-01-20,91.69
120,***.00.360/****-04,CAIXA ECONOMICA FEDERAL,2924 - CT - UFC/FCPC - IMPLANTACAO E OFERTA DOS CURSOS DE GRADUACAO DA UAB/UFC 2012,2017-01-19,84.8
124,***.00.360/****-04,CAIXA ECONOMICA FEDERAL,2924 - CT - UFC/FCPC - IMPLANTACAO E OFERTA DOS CURSOS DE GRADUACAO DA UAB/UFC 2012,2017-01-19,70.22
125,***.00.360/****-04,CAIXA ECONOMICA FEDERAL,2924 - CT - UFC/FCPC - IMPLANTACAO E OFERTA DOS CURSOS DE GRADUACAO DA UAB/UFC 2012,2017-01-19,37.66
128,***.00.360/****-04,CAIXA ECONOMICA FEDERAL,2924 - CT - UFC/FCPC - IMPLANTACAO E OFERTA DOS CURSOS DE GRADUACAO DA UAB/UFC 2012,2017-01-19,93.28
130,***.00.360/****-04,CAIXA ECONOMICA FEDERAL,2924 - CT - UFC/FCPC - IMPLANTACAO E OFERTA DOS CURSOS DE GRADUACAO DA UAB/UFC 2012,2017-01-19,79.45
132,***.00.360/****-04,CAIXA ECONOMICA FEDERAL,2924 - CT - UFC/FCPC - IMPLANTACAO E OFERTA DOS CURSOS DE GRADUACAO DA UAB/UFC 2012,2017-01-19,12.06
138,***.00.360/****-04,CAIXA ECONOMICA FEDERAL,2924 - CT - UFC/FCPC - IMPLANTACAO E OFERTA DOS CURSOS DE GRADUACAO DA UAB/UFC 2012,2017-01-19,72.54
140,***.00.360/****-04,CAIXA ECONOMICA FEDERAL,1089 - RESCISAO CONTRATUAL,2017-01-19,62.57
141,***.00.360/****-04,CAIXA ECONOMICA FEDERAL,1089 - RESCISAO CONTRATUAL,2017-01-19,93.86
144,***.00.360/****-04,CAIXA ECONOMICA FEDERAL,2943 - CT - EVONIK/FCPC - EFEITO BIOLOGICO DO MetMet EM CA,2017-01-19,74.96
151,***.00.360/****-04,CAIXA ECONOMICA FEDERAL,3045 - CV - APPLE/IFCE/FCPC - PROJETO BEPiD,2017-01-19,85.82
155,***.00.360/****-04,CAIXA ECONOMICA FEDERAL,3045 - CV - APPLE/IFCE/FCPC - PROJETO BEPiD,2017-01-19,44.12
159,***.00.360/****-04,CAIXA ECONOMICA FEDERAL,2922 - CT.PETROBRAS - PROJETO AMBES,2017-01-19,92.8
165,***.00.360/****-04,CAIXA ECONOMICA FEDERAL,0101 - FCPC,2017-01-18,13.67
166,***.00.360/****-04,CAIXA ECONOMICA FEDERAL,0101 - FCPC,2017-01-18,75.56
169,***.00.360/****-04,CAIXA ECONOMICA FEDERAL,0101 - FCPC,2017-01-18,84.8
180,***.00.360/****-04,CAIXA ECONOMICA FEDERAL,0101 - FCPC,2017-01-18,97.68
186,***.00.360/****-04,CAIXA ECONOMICA FEDERAL,0101 - FCPC,2017-01-18,95.92
193,***.00.360/****-04,CAIXA ECONOMICA FEDERAL,0101 - FCPC,2017-01-18,44.6
200,***.00.360/****-04,CAIXA ECONOMICA FEDERAL,1089 - RESCISAO CONTRATUAL,2017-01-18,90.34
220,***.01.999/****-20,ELETRONICA APOLO ALDEOTA LTDA,2943 - CT EVONIK/FCPC - EFEITO BIOLOGICO DO MET EM CAMARÕES,2017-01-27,69.9
224,***.02.243/****-63,PORTAS E PORTOES AUTOMATICOS CELBRA LTDA,2946 - CT - UFC/FCPC CURSO DE ESPECIALIZAÇÃO EM DOCÊNCIA NA EDUCAÇÃO INFANTIL,2017-01-23,70.0
228,***.02.558/****-62,TELEFONICA BRASIL S.A,3224 - TC SMART/UFC/FCPC - DESENVOLVIMENTO DE UM SISTEMA DE DETECÇÃO DE FALHA SMART RMA F_2,2017-01-12,39.9
229,***.02.558/****-62,TELEFONICA BRASIL S.A,"3143 - TC - LG/UFC/FCPC - MOBILE, TOOLS & CAS",2017-01-12,10.0
233,***.02.558/****-62,TELEFONICA BRASIL S.A,"3143 - TC - LG/UFC/FCPC - MOBILE, TOOLS & CAS",2017-01-02,96.22
242,***.03.773/****-67,EMPRESA DE TECNOLOGIA DA INFORMACAO DO ESTADO DO CEARA,0101 - FCPC,2017-02-03,12.63
243,***.03.773/****-67,EMPRESA DE TECNOLOGIA DA INFORMACAO DO ESTADO DO CEARA,0101 - FCPC,2017-01-13,14.24
245,***.04.065/****-00,ASSOC LOJ  SHONPPING ALDEOTA,0101 - FCPC,2017-01-27,10.7
246,***.04.065/****-00,ASSOC LOJ  SHONPPING ALDEOTA,0101 - FCPC,2017-01-02,10.7
251,***.04.206/****-50,TIM CELULAR S.A,"3143 - TC - LG/UFC/FCPC - MOBILE, TOOLS & CAS",2017-01-12,15.0
252,***.04.206/****-50,TIM CELULAR S.A,0101 - FCPC,2017-01-09,92.27
253,***.04.206/****-50,TIM CELULAR S.A,0101 - FCPC,2017-01-09,58.56
257,***.04.206/****-50,TIM CELULAR S.A,3205 - TC LANDIS/UFC/FCPC - FERRAMENTAS DE SUPORTE A SISTEMA DE MEDIÇÃO INTELIGENTE DE ENERGIA,2017-01-09,46.0
263,***.05.330/****-62,FUNDACAO CEARENSE DE PESQUISA E CULTURA,0101 - FCPC,2017-01-18,34.18
265,***.05.330/****-62,FUNDACAO CEARENSE DE PESQUISA E CULTURA,0101 - FCPC,2017-01-18,67.33
267,***.05.330/****-62,FUNDACAO CEARENSE DE PESQUISA E CULTURA,0101 - FCPC,2017-01-18,53.0
268,***.05.330/****-62,FUNDACAO CEARENSE DE PESQUISA E CULTURA,0101 - FCPC,2017-01-18,76.85
270,***.05.330/****-62,FUNDACAO CEARENSE DE PESQUISA E CULTURA,0101 - FCPC,2017-01-18,87.53
276,***.05.330/****-62,FUNDACAO CEARENSE DE PESQUISA E CULTURA,0101 - FCPC,2017-01-18,74.07
282,***.05.330/****-62,FUNDACAO CEARENSE DE PESQUISA E CULTURA,0101 - FCPC,2017-01-18,62.81
313,***.07.040/****-57,CAGECE,0101 - FCPC,2017-01-10,52.62
314,***.07.047/****-70,ENEL,0101 - FCPC,2017-01-24,30.53
315,***.07.047/****-70,ENEL,0101 - FCPC,2017-01-23,77.49
316,***.07.047/****-70,ENEL,0101 - FCPC,2017-01-20,86.59
320,***.07.084/****-78,IEL - INSTITUTO EUVALDO LODI NUCLEO DO CEARA,3118 - CT IFCE/FCPC - ACESSO A RNP,2017-02-08,23.0
343,***.07.240/****-09,APIGUANA MAQUINAS E FERRAMENTAS LTDA,3222 - CT. UFC/FCPC - CONCURSO PUBLICO P/SELEÇÃO DE SERVIDORES,2017-01-18,6.4
387,***.07.954/****-52,SECRETARIA DA FAZENDA DO ESTADO DO CEARA,0101 - FCPC,2017-02-02,68.1
419,***.10.462/****-82,MAQUILAR COM MAQ ESC ASS TEC LTDA,3205 - TC LANDIS/UFC/FCPC - FERRAMENTAS DE SUPORTE A SISTEMA DE MEDIÇÃO INTELIGENTE DE ENERGIA,2017-01-23,66.0
476,***.15.246/****-43,ESPEDITO DANIEL SOUZA LIMA,3205 - TC LANDIS/UFC/FCPC - FERRAMENTAS DE SUPORTE A SISTEMA DE MEDIÇÃO INTELIGENTE DE ENERGIA,2017-01-06,80.0
478,***.16.417/****-21,RS TURISMO E EVENTOS LTDA,3187 - CT. FCPC/UFC - CURSO PACTO NACIONAL PELA ALFABETIZAÇÃO NA IDADE CERTA,2017-02-07,61.06
482,***.16.417/****-21,RS TURISMO E EVENTOS LTDA,3187 - CT. FCPC/UFC - CURSO PACTO NACIONAL PELA ALFABETIZAÇÃO NA IDADE CERTA,2017-02-03,63.64
483,***.16.417/****-21,RS TURISMO E EVENTOS LTDA,3022 - CT.UFC/FCPC - CURSO DE ESPECIALIZAÇÃO EM SAUDE DA FAMILIA,2017-02-02,91.2
485,***.16.417/****-21,RS TURISMO E EVENTOS LTDA,3184 - CT. FCPC/UFC - CURSO DE FORMAÇÃO CONTINUADA DE PROFESSORES E COORDENADORES PEDAGOGICOS DO ENSINO MEDIO,2017-02-02,45.55
487,***.16.417/****-21,RS TURISMO E EVENTOS LTDA,3184 - CT. FCPC/UFC - CURSO DE FORMAÇÃO CONTINUADA DE PROFESSORES E COORDENADORES PEDAGOGICOS DO ENSINO MEDIO,2017-01-24,35.94
488,***.16.417/****-21,RS TURISMO E EVENTOS LTDA,3183 - CT. FCPC/UFC - CURSO DE FORMAÇAO DE PROFESSORES DA SECADI/MEC,2017-01-24,91.38
513,***.23.490/****-01,CONSELHO REGIONAL DE ECONOMIA 8A. REGIAO-CE,0101 - FCPC,2017-01-12,76.69
536,***.29.979/****-40,INSS - INSTITUTO NACIONAL DO SEGURO SOCIAL,1089 - RESCISAO CONTRATUAL,2017-01-27,38.05
537,***.29.979/****-40,INSS - INSTITUTO NACIONAL DO SEGURO SOCIAL,1089 - RESCISAO CONTRATUAL,2017-01-27,67.64
552,***.29.979/****-40,INSS - INSTITUTO NACIONAL DO SEGURO SOCIAL,1089 - RESCISAO CONTRATUAL,2017-01-25,31.54
554,***.29.979/****-40,INSS - INSTITUTO NACIONAL DO SEGURO SOCIAL,1089 - RESCISAO CONTRATUAL,2017-01-25,56.07
570,***.29.979/****-40,INSS - INSTITUTO NACIONAL DO SEGURO SOCIAL,1089 - RESCISAO CONTRATUAL,2017-01-23,27.04
573,***.29.979/****-40,INSS - INSTITUTO NACIONAL DO SEGURO SOCIAL,1089 - RESCISAO CONTRATUAL,2017-01-23,48.05
580,***.29.979/****-40,INSS - INSTITUTO NACIONAL DO SEGURO SOCIAL,1089 - RESCISAO CONTRATUAL,2017-01-23,12.8
583,***.29.979/****-40,INSS - INSTITUTO NACIONAL DO SEGURO SOCIAL,1089 - RESCISAO CONTRATUAL,2017-01-23,22.75
588,***.29.979/****-40,INSS - INSTITUTO NACIONAL DO SEGURO SOCIAL,1089 - RESCISAO CONTRATUAL,2017-01-23,62.58
600,***.29.979/****-40,INSS - INSTITUTO NACIONAL DO SEGURO SOCIAL,1089 - RESCISAO CONTRATUAL,2017-01-20,64.35
611,***.29.979/****-40,INSS - INSTITUTO NACIONAL DO SEGURO SOCIAL,"3192 - UNESCO/UFC/FCPC - SERVIÇOS DE CONSULTORIA - COMPORTAMENTO, ATITUDES PRATICAS E PREVALENCIA DE VIRUS DA IMUNODEFICIÊNCIA HUMANA (HIV), SIFILIS E HEPATITE B E C ENTRE HOMENS QUE FAZEM SEXO COM HOMENS",2017-01-20,71.91
634,***.29.979/****-40,INSS - INSTITUTO NACIONAL DO SEGURO SOCIAL,1089 - RESCISAO CONTRATUAL,2017-01-19,3.6
637,***.29.979/****-40,INSS - INSTITUTO NACIONAL DO SEGURO SOCIAL,1089 - RESCISAO CONTRATUAL,2017-01-19,6.4
640,***.29.979/****-40,INSS - INSTITUTO NACIONAL DO SEGURO SOCIAL,1089 - RESCISAO CONTRATUAL,2017-01-19,17.6
644,***.29.979/****-40,INSS - INSTITUTO NACIONAL DO SEGURO SOCIAL,2943 - CT - EVONIK/FCPC - EFEITO BIOLOGICO DO MetMet EM CA,2017-01-19,84.32
648,***.29.979/****-40,INSS - INSTITUTO NACIONAL DO SEGURO SOCIAL,1089 - RESCISAO CONTRATUAL,2017-01-19,13.5
650,***.29.979/****-40,INSS - INSTITUTO NACIONAL DO SEGURO SOCIAL,1089 - RESCISAO CONTRATUAL,2017-01-19,24.0
652,***.29.979/****-40,INSS - INSTITUTO NACIONAL DO SEGURO SOCIAL,1089 - RESCISAO CONTRATUAL,2017-01-19,66.0
665,***.29.979/****-40,INSS - INSTITUTO NACIONAL DO SEGURO SOCIAL,2922 - CT.PETROBRAS - PROJETO AMBES,2017-01-19,52.2
666,***.29.979/****-40,INSS - INSTITUTO NACIONAL DO SEGURO SOCIAL,2922 - CT.PETROBRAS - PROJETO AMBES,2017-01-19,92.8
679,***.29.979/****-40,INSS - INSTITUTO NACIONAL DO SEGURO SOCIAL,1089 - RESCISAO CONTRATUAL,2017-01-18,3.0
682,***.29.979/****-40,INSS - INSTITUTO NACIONAL DO SEGURO SOCIAL,1089 - RESCISAO CONTRATUAL,2017-01-18,5.33
685,***.29.979/****-40,INSS - INSTITUTO NACIONAL DO SEGURO SOCIAL,1089 - RESCISAO CONTRATUAL,2017-01-18,14.67
692,***.33.000/****-74,TELEMAR NORTE LESTE S/A,1016 - CARTA -  UFC/FCPC RADIO UNIVERSITARIA FM,2017-01-13,82.45
698,***.40.432/****-47,CLARO S/A,"3143 - TC - LG/UFC/FCPC - MOBILE, TOOLS & CAS",2017-01-12,20.0
770,desconhecido,RECEITA FEDERAL DO BRASIL - RFB,3201 - TC SMART/UFC/FCPC - DESENVOLVIMENTO DE UM SISTEMA DE AUTOMOÇÃO,2017-01-25,74.8
771,desconhecido,RECEITA FEDERAL DO BRASIL - RFB,3201 - TC SMART/UFC/FCPC - DESENVOLVIMENTO DE UM SISTEMA DE AUTOMOÇÃO,2017-01-25,82.53
772,desconhecido,RECEITA FEDERAL DO BRASIL - RFB,1089 - RESCISAO CONTRATUAL,2017-01-25,21.03
773,desconhecido,RECEITA FEDERAL DO BRASIL - RFB,1089 - RESCISAO CONTRATUAL,2017-01-25,84.12
776,desconhecido,RECEITA FEDERAL DO BRASIL - RFB,"3253 - TC. LG/UFC/FCPC - MOBILE, TOOLS & CAS",2017-01-24,33.26
777,desconhecido,RECEITA FEDERAL DO BRASIL - RFB,"3253 - TC. LG/UFC/FCPC - MOBILE, TOOLS & CAS",2017-01-24,30.8
778,desconhecido,RECEITA FEDERAL DO BRASIL - RFB,"3253 - TC. LG/UFC/FCPC - MOBILE, TOOLS & CAS",2017-01-24,60.2
779,desconhecido,RECEITA FEDERAL DO BRASIL - RFB,"3253 - TC. LG/UFC/FCPC - MOBILE, TOOLS & CAS",2017-01-24,38.12
780,desconhecido,RECEITA FEDERAL DO BRASIL - RFB,"3253 - TC. LG/UFC/FCPC - MOBILE, TOOLS & CAS",2017-01-24,65.0
781,desconhecido,RECEITA FEDERAL DO BRASIL - RFB,"3253 - TC. LG/UFC/FCPC - MOBILE, TOOLS & CAS",2017-01-24,78.7
782,desconhecido,RECEITA FEDERAL DO BRASIL - RFB,"3253 - TC. LG/UFC/FCPC - MOBILE, TOOLS & CAS",2017-01-24,58.33
783,desconhecido,RECEITA FEDERAL DO BRASIL - RFB,"3253 - TC. LG/UFC/FCPC - MOBILE, TOOLS & CAS",2017-01-24,89.27
784,desconhecido,RECEITA FEDERAL DO BRASIL - RFB,"3253 - TC. LG/UFC/FCPC - MOBILE, TOOLS & CAS",2017-01-24,62.79
790,desconhecido,RECEITA FEDERAL DO BRASIL - RFB,"3143 - TC - LG/UFC/FCPC - MOBILE, TOOLS & CAS",2017-01-24,36.24
791,desconhecido,RECEITA FEDERAL DO BRASIL - RFB,"3143 - TC - LG/UFC/FCPC - MOBILE, TOOLS & CAS",2017-01-24,68.04
792,desconhecido,RECEITA FEDERAL DO BRASIL - RFB,"3143 - TC - LG/UFC/FCPC - MOBILE, TOOLS & CAS",2017-01-24,30.24
793,desconhecido,RECEITA FEDERAL DO BRASIL - RFB,"3143 - TC - LG/UFC/FCPC - MOBILE, TOOLS & CAS",2017-01-24,5.07
794,desconhecido,RECEITA FEDERAL DO BRASIL - RFB,"3143 - TC - LG/UFC/FCPC - MOBILE, TOOLS & CAS",2017-01-24,49.68
795,desconhecido,RECEITA FEDERAL DO BRASIL - RFB,"3143 - TC - LG/UFC/FCPC - MOBILE, TOOLS & CAS",2017-01-24,61.88
796,desconhecido,RECEITA FEDERAL DO BRASIL - RFB,"3143 - TC - LG/UFC/FCPC - MOBILE, TOOLS & CAS",2017-01-24,27.5
797,desconhecido,RECEITA FEDERAL DO BRASIL - RFB,"3143 - TC - LG/UFC/FCPC - MOBILE, TOOLS & CAS",2017-01-24,54.43
798,desconhecido,RECEITA FEDERAL DO BRASIL - RFB,"3143 - TC - LG/UFC/FCPC - MOBILE, TOOLS & CAS",2017-01-24,40.28
799,desconhecido,RECEITA FEDERAL DO BRASIL - RFB,"3143 - TC - LG/UFC/FCPC - MOBILE, TOOLS & CAS",2017-01-24,16.43
800,desconhecido,RECEITA FEDERAL DO BRASIL - RFB,"3143 - TC - LG/UFC/FCPC - MOBILE, TOOLS & CAS",2017-01-24,43.33
801,desconhecido,RECEITA FEDERAL DO BRASIL - RFB,"3143 - TC - LG/UFC/FCPC - MOBILE, TOOLS & CAS",2017-01-24,49.2
802,desconhecido,RECEITA FEDERAL DO BRASIL - RFB,"3143 - TC - LG/UFC/FCPC - MOBILE, TOOLS & CAS",2017-01-24,66.57
803,desconhecido,RECEITA FEDERAL DO BRASIL - RFB,"3143 - TC - LG/UFC/FCPC - MOBILE, TOOLS & CAS",2017-01-24,86.06
804,desconhecido,RECEITA FEDERAL DO BRASIL - RFB,"3143 - TC - LG/UFC/FCPC - MOBILE, TOOLS & CAS",2017-01-24,13.63
805,desconhecido,RECEITA FEDERAL DO BRASIL - RFB,"3143 - TC - LG/UFC/FCPC - MOBILE, TOOLS & CAS",2017-01-24,38.22
808,desconhecido,RECEITA FEDERAL DO BRASIL - RFB,"3143 - TC - LG/UFC/FCPC - MOBILE, TOOLS & CAS",2017-01-24,59.05
811,desconhecido,RECEITA FEDERAL DO BRASIL - RFB,"3143 - TC - LG/UFC/FCPC - MOBILE, TOOLS & CAS",2017-01-24,44.88
819,desconhecido,RECEITA FEDERAL DO BRASIL - RFB,0101 - FCPC,2017-01-23,74.8
820,desconhecido,RECEITA FEDERAL DO BRASIL - RFB,1089 - RESCISAO CONTRATUAL,2017-01-23,6.23
821,desconhecido,RECEITA FEDERAL DO BRASIL - RFB,1089 - RESCISAO CONTRATUAL,2017-01-23,2.48
822,desconhecido,RECEITA FEDERAL DO BRASIL - RFB,1089 - RESCISAO CONTRATUAL,2017-01-23,12.62
824,desconhecido,RECEITA FEDERAL DO BRASIL - RFB,1089 - RESCISAO CONTRATUAL,2017-01-23,2.49
825,desconhecido,RECEITA FEDERAL DO BRASIL - RFB,1089 - RESCISAO CONTRATUAL,2017-01-23,0.99
826,desconhecido,RECEITA FEDERAL DO BRASIL - RFB,1089 - RESCISAO CONTRATUAL,2017-01-23,2.52
828,desconhecido,RECEITA FEDERAL DO BRASIL - RFB,3205 - TC LANDIS/UFC/FCPC - FERRAMENTAS DE SUPORTE A SISTEMA DE MEDIÇÃO INTELIGENTE DE ENERGIA,2017-01-23,54.56
829,desconhecido,RECEITA FEDERAL DO BRASIL - RFB,3205 - TC LANDIS/UFC/FCPC - FERRAMENTAS DE SUPORTE A SISTEMA DE MEDIÇÃO INTELIGENTE DE ENERGIA,2017-01-23,44.94
830,desconhecido,RECEITA FEDERAL DO BRASIL - RFB,3205 - TC LANDIS/UFC/FCPC - FERRAMENTAS DE SUPORTE A SISTEMA DE MEDIÇÃO INTELIGENTE DE ENERGIA,2017-01-23,50.0
831,desconhecido,RECEITA FEDERAL DO BRASIL - RFB,3205 - TC LANDIS/UFC/FCPC - FERRAMENTAS DE SUPORTE A SISTEMA DE MEDIÇÃO INTELIGENTE DE ENERGIA,2017-01-23,42.0
832,desconhecido,RECEITA FEDERAL DO BRASIL - RFB,3205 - TC LANDIS/UFC/FCPC - FERRAMENTAS DE SUPORTE A SISTEMA DE MEDIÇÃO INTELIGENTE DE ENERGIA,2017-01-23,40.0
833,desconhecido,RECEITA FEDERAL DO BRASIL - RFB,1089 - RESCISAO CONTRATUAL,2017-01-23,2.05
834,desconhecido,RECEITA FEDERAL DO BRASIL - RFB,1089 - RESCISAO CONTRATUAL,2017-01-23,5.69
835,desconhecido,RECEITA FEDERAL DO BRASIL - RFB,1089 - RESCISAO CONTRATUAL,2017-01-23,45.58
836,desconhecido,RECEITA FEDERAL DO BRASIL - RFB,1089 - RESCISAO CONTRATUAL,2017-01-23,4.92
837,desconhecido,RECEITA FEDERAL DO BRASIL - RFB,1089 - RESCISAO CONTRATUAL,2017-01-23,34.13
843,desconhecido,RECEITA FEDERAL DO BRASIL - RFB,3214 - CT UNIFOR/FCPC - PARTICIPAÇÃO NA RNP,2017-01-23,90.0
845,desconhecido,RECEITA FEDERAL DO BRASIL - RFB,3178 - CT.UFC/FCPC-FARMACIA ESCOLA,2017-01-20,16.27
846,desconhecido,RECEITA FEDERAL DO BRASIL - RFB,3178 - CT.UFC/FCPC-FARMACIA ESCOLA,2017-01-20,11.24
847,desconhecido,RECEITA FEDERAL DO BRASIL - RFB,3178 - CT.UFC/FCPC-FARMACIA ESCOLA,2017-01-20,0.54
848,desconhecido,RECEITA FEDERAL DO BRASIL - RFB,1089 - RESCISAO CONTRATUAL,2017-01-20,14.3
849,desconhecido,RECEITA FEDERAL DO BRASIL - RFB,3191 - TC FURUKAWA/UFC/FCPC - SISTEMA DE GESTÃO DE PRODUÇÃO DE FIBRAS,2017-01-20,34.99
850,desconhecido,RECEITA FEDERAL DO BRASIL - RFB,3191 - TC FURUKAWA/UFC/FCPC - SISTEMA DE GESTÃO DE PRODUÇÃO DE FIBRAS,2017-01-20,15.0
851,desconhecido,RECEITA FEDERAL DO BRASIL - RFB,3191 - TC FURUKAWA/UFC/FCPC - SISTEMA DE GESTÃO DE PRODUÇÃO DE FIBRAS,2017-01-20,43.98
852,desconhecido,RECEITA FEDERAL DO BRASIL - RFB,3191 - TC FURUKAWA/UFC/FCPC - SISTEMA DE GESTÃO DE PRODUÇÃO DE FIBRAS,2017-01-20,31.0
853,desconhecido,RECEITA FEDERAL DO BRASIL - RFB,1089 - RESCISAO CONTRATUAL,2017-01-20,56.71
857,desconhecido,RECEITA FEDERAL DO BRASIL - RFB,3191 - TC FURUKAWA/UFC/FCPC - SISTEMA DE GESTÃO DE PRODUÇÃO DE FIBRAS,2017-01-20,64.12
858,desconhecido,RECEITA FEDERAL DO BRASIL - RFB,"3192 -  CT. UNESCO/UFC/FCPC - SERVIÇOS DE CONSULTORIA - COMPORTAMENTO, ATITUDES PRATICAS E PREVALENCIA DE VIRUS DA IMUNODEFICIÊNCIA HUMANA (HIV), SIFILIS E HEPATITE B E C ENTRE HOMENS QUE FAZEM SEXO COM HOMENS.",2017-01-20,15.98
859,desconhecido,RECEITA FEDERAL DO BRASIL - RFB,3149 - CT - RNP/FCPC-ASSOCIAÇÃO DAS PIONEIRAS SOCIAIS,2017-01-20,25.0
860,desconhecido,RECEITA FEDERAL DO BRASIL - RFB,3149 - CT - RNP/FCPC-ASSOCIAÇÃO DAS PIONEIRAS SOCIAIS,2017-01-20,27.82
861,desconhecido,RECEITA FEDERAL DO BRASIL - RFB,3118 - CT IFCE/FCPC - ACESSO A RNP,2017-01-20,21.0
862,desconhecido,RECEITA FEDERAL DO BRASIL - RFB,3118 - CT IFCE/FCPC - ACESSO A RNP,2017-01-20,35.0
864,desconhecido,RECEITA FEDERAL DO BRASIL - RFB,3146 - TC - PETROBRAS/UFC/FCPC-ONTOLOGIA DOS DADOS GEOLÓGICOS GERADOS EM POÇOS DE E&P,2017-01-20,82.7
865,desconhecido,RECEITA FEDERAL DO BRASIL - RFB,3146 - TC - PETROBRAS/UFC/FCPC-ONTOLOGIA DOS DADOS GEOLÓGICOS GERADOS EM POÇOS DE E&P,2017-01-20,15.5
866,desconhecido,RECEITA FEDERAL DO BRASIL - RFB,3146 - TC - PETROBRAS/UFC/FCPC-ONTOLOGIA DOS DADOS GEOLÓGICOS GERADOS EM POÇOS DE E&P,2017-01-20,12.5
868,desconhecido,RECEITA FEDERAL DO BRASIL - RFB,3216 - TC LENOVO/UFC/FCPC - DIAG CLOUD 2016,2017-01-20,24.0
869,desconhecido,RECEITA FEDERAL DO BRASIL - RFB,3216 - TC LENOVO/UFC/FCPC - DIAG CLOUD 2016,2017-01-20,35.44
870,desconhecido,RECEITA FEDERAL DO BRASIL - RFB,3216 - TC LENOVO/UFC/FCPC - DIAG CLOUD 2016,2017-01-20,28.0
871,desconhecido,RECEITA FEDERAL DO BRASIL - RFB,3216 - TC LENOVO/UFC/FCPC - DIAG CLOUD 2016,2017-01-20,18.0
872,desconhecido,RECEITA FEDERAL DO BRASIL - RFB,3216 - TC LENOVO/UFC/FCPC - DIAG CLOUD 2016,2017-01-20,15.0
873,desconhecido,RECEITA FEDERAL DO BRASIL - RFB,3216 - TC LENOVO/UFC/FCPC - DIAG CLOUD 2016,2017-01-20,61.15
874,desconhecido,RECEITA FEDERAL DO BRASIL - RFB,3216 - TC LENOVO/UFC/FCPC - DIAG CLOUD 2016,2017-01-20,33.0
875,desconhecido,RECEITA FEDERAL DO BRASIL - RFB,3216 - TC LENOVO/UFC/FCPC - DIAG CLOUD 2016,2017-01-20,27.3
876,desconhecido,RECEITA FEDERAL DO BRASIL - RFB,3216 - TC LENOVO/UFC/FCPC - DIAG CLOUD 2016,2017-01-20,27.0
877,desconhecido,RECEITA FEDERAL DO BRASIL - RFB,3216 - TC LENOVO/UFC/FCPC - DIAG CLOUD 2016,2017-01-20,23.0
878,desconhecido,RECEITA FEDERAL DO BRASIL - RFB,3216 - TC LENOVO/UFC/FCPC - DIAG CLOUD 2016,2017-01-20,46.3
879,desconhecido,RECEITA FEDERAL DO BRASIL - RFB,3216 - TC LENOVO/UFC/FCPC - DIAG CLOUD 2016,2017-01-20,39.0
880,desconhecido,RECEITA FEDERAL DO BRASIL - RFB,3216 - TC LENOVO/UFC/FCPC - DIAG CLOUD 2016,2017-01-20,82.0
881,desconhecido,RECEITA FEDERAL DO BRASIL - RFB,3216 - TC LENOVO/UFC/FCPC - DIAG CLOUD 2016,2017-01-20,25.0
882,desconhecido,RECEITA FEDERAL DO BRASIL - RFB,3216 - TC LENOVO/UFC/FCPC - DIAG CLOUD 2016,2017-01-20,21.0
884,desconhecido,RECEITA FEDERAL DO BRASIL - RFB,3216 - TC LENOVO/UFC/FCPC - DIAG CLOUD 2016,2017-01-20,44.1
886,desconhecido,RECEITA FEDERAL DO BRASIL - RFB,3216 - TC LENOVO/UFC/FCPC - DIAG CLOUD 2016,2017-01-20,85.75
887,desconhecido,RECEITA FEDERAL DO BRASIL - RFB,3216 - TC LENOVO/UFC/FCPC - DIAG CLOUD 2016,2017-01-20,63.25
888,desconhecido,RECEITA FEDERAL DO BRASIL - RFB,3216 - TC LENOVO/UFC/FCPC - DIAG CLOUD 2016,2017-01-20,43.52
889,desconhecido,RECEITA FEDERAL DO BRASIL - RFB,3216 - TC LENOVO/UFC/FCPC - DIAG CLOUD 2016,2017-01-20,41.47
890,desconhecido,RECEITA FEDERAL DO BRASIL - RFB,3216 - TC LENOVO/UFC/FCPC - DIAG CLOUD 2016,2017-01-20,14.17
894,desconhecido,RECEITA FEDERAL DO BRASIL - RFB,3216 - TC LENOVO/UFC/FCPC - DIAG CLOUD 2016,2017-01-20,27.82
895,desconhecido,RECEITA FEDERAL DO BRASIL - RFB,3225 - TC HITACHI/FCPC/UFC-HDS/OPENSTACK 2016,2017-01-20,14.4
896,desconhecido,RECEITA FEDERAL DO BRASIL - RFB,3225 - TC HITACHI/FCPC/UFC-HDS/OPENSTACK 2016,2017-01-20,26.4
897,desconhecido,RECEITA FEDERAL DO BRASIL - RFB,3225 - TC HITACHI/FCPC/UFC-HDS/OPENSTACK 2016,2017-01-20,9.37
898,desconhecido,RECEITA FEDERAL DO BRASIL - RFB,3225 - TC HITACHI/FCPC/UFC-HDS/OPENSTACK 2016,2017-01-20,40.0
899,desconhecido,RECEITA FEDERAL DO BRASIL - RFB,3225 - TC HITACHI/FCPC/UFC-HDS/OPENSTACK 2016,2017-01-20,37.38
901,desconhecido,RECEITA FEDERAL DO BRASIL - RFB,3224 - TC SMART/UFC/FCPC - DESENVOLVIMENTO DE UM SISTEMA DE DETECÇÃO DE FALHA SMART RMA F_2,2017-01-20,72.05
902,desconhecido,RECEITA FEDERAL DO BRASIL - RFB,3224 - TC SMART/UFC/FCPC - DESENVOLVIMENTO DE UM SISTEMA DE DETECÇÃO DE FALHA SMART RMA F_2,2017-01-20,26.0
903,desconhecido,RECEITA FEDERAL DO BRASIL - RFB,3224 - TC SMART/UFC/FCPC - DESENVOLVIMENTO DE UM SISTEMA DE DETECÇÃO DE FALHA SMART RMA F_2,2017-01-20,11.46
904,desconhecido,RECEITA FEDERAL DO BRASIL - RFB,3224 - TC SMART/UFC/FCPC - DESENVOLVIMENTO DE UM SISTEMA DE DETECÇÃO DE FALHA SMART RMA F_2,2017-01-20,32.0
905,desconhecido,RECEITA FEDERAL DO BRASIL - RFB,3224 - TC SMART/UFC/FCPC - DESENVOLVIMENTO DE UM SISTEMA DE DETECÇÃO DE FALHA SMART RMA F_2,2017-01-20,33.29
906,desconhecido,RECEITA FEDERAL DO BRASIL - RFB,3224 - TC SMART/UFC/FCPC - DESENVOLVIMENTO DE UM SISTEMA DE DETECÇÃO DE FALHA SMART RMA F_2,2017-01-20,83.95
907,desconhecido,RECEITA FEDERAL DO BRASIL - RFB,3224 - TC SMART/UFC/FCPC - DESENVOLVIMENTO DE UM SISTEMA DE DETECÇÃO DE FALHA SMART RMA F_2,2017-01-20,24.32
909,desconhecido,RECEITA FEDERAL DO BRASIL - RFB,3224 - TC SMART/UFC/FCPC - DESENVOLVIMENTO DE UM SISTEMA DE DETECÇÃO DE FALHA SMART RMA F_2,2017-01-20,34.65
910,desconhecido,RECEITA FEDERAL DO BRASIL - RFB,3224 - TC SMART/UFC/FCPC - DESENVOLVIMENTO DE UM SISTEMA DE DETECÇÃO DE FALHA SMART RMA F_2,2017-01-20,72.4
911,desconhecido,RECEITA FEDERAL DO BRASIL - RFB,3224 - TC SMART/UFC/FCPC - DESENVOLVIMENTO DE UM SISTEMA DE DETECÇÃO DE FALHA SMART RMA F_2,2017-01-20,89.61
913,desconhecido,RECEITA FEDERAL DO BRASIL - RFB,3224 - TC SMART/UFC/FCPC - DESENVOLVIMENTO DE UM SISTEMA DE DETECÇÃO DE FALHA SMART RMA F_2,2017-01-20,23.2
914,desconhecido,RECEITA FEDERAL DO BRASIL - RFB,3235 - TC. SCHNEIDER/UFC/FCPC - ATUALIZAÇÃO TECNOLÓGICA EM NOBREAKS,2017-01-20,72.69
915,desconhecido,RECEITA FEDERAL DO BRASIL - RFB,3235 - TC. SCHNEIDER/UFC/FCPC - ATUALIZAÇÃO TECNOLÓGICA EM NOBREAKS,2017-01-20,69.5
916,desconhecido,RECEITA FEDERAL DO BRASIL - RFB,3235 - TC. SCHNEIDER/UFC/FCPC - ATUALIZAÇÃO TECNOLÓGICA EM NOBREAKS,2017-01-20,47.5
917,desconhecido,RECEITA FEDERAL DO BRASIL - RFB,3235 - TC. SCHNEIDER/UFC/FCPC - ATUALIZAÇÃO TECNOLÓGICA EM NOBREAKS,2017-01-20,27.13
918,desconhecido,RECEITA FEDERAL DO BRASIL - RFB,3235 - TC. SCHNEIDER/UFC/FCPC - ATUALIZAÇÃO TECNOLÓGICA EM NOBREAKS,2017-01-20,67.74
922,desconhecido,RECEITA FEDERAL DO BRASIL - RFB,3235 - TC. SCHNEIDER/UFC/FCPC - ATUALIZAÇÃO TECNOLÓGICA EM NOBREAKS,2017-01-20,42.32
924,desconhecido,RECEITA FEDERAL DO BRASIL - RFB,2975 - CT RNP/FCPC - MANUTENÇÃO E OPERAÇÃO DO POP-CE,2017-01-19,99.25
926,desconhecido,RECEITA FEDERAL DO BRASIL - RFB,2943 - CT EVONIK/FCPC - EFEITO BIOLOGICO DO MET EM CAMARÕES,2017-01-19,9.37
927,desconhecido,RECEITA FEDERAL DO BRASIL - RFB,2930 - CT - UFC/FCPC - ATENDIMENTO EDUCACIONAL ESPECIALIZADO - AEE,2017-01-19,25.0
928,desconhecido,RECEITA FEDERAL DO BRASIL - RFB,2930 - CT - UFC/FCPC - ATENDIMENTO EDUCACIONAL ESPECIALIZADO - AEE,2017-01-19,13.0
929,desconhecido,RECEITA FEDERAL DO BRASIL - RFB,2930 - CT - UFC/FCPC - ATENDIMENTO EDUCACIONAL ESPECIALIZADO - AEE,2017-01-19,27.82
930,desconhecido,RECEITA FEDERAL DO BRASIL - RFB,2922 - CT.PETROBRAS - PROJETO AMBES,2017-01-19,11.6
931,desconhecido,RECEITA FEDERAL DO BRASIL - RFB,3022 - CT.UFC/FCPC - CURSO DE ESPECIALIZAÇÃO EM SAUDE DA FAMILIA,2017-01-19,20.0
932,desconhecido,RECEITA FEDERAL DO BRASIL - RFB,3022 - CT.UFC/FCPC - CURSO DE ESPECIALIZAÇÃO EM SAUDE DA FAMILIA,2017-01-19,30.0
933,desconhecido,RECEITA FEDERAL DO BRASIL - RFB,3022 - CT.UFC/FCPC - CURSO DE ESPECIALIZAÇÃO EM SAUDE DA FAMILIA,2017-01-19,50.0
934,desconhecido,RECEITA FEDERAL DO BRASIL - RFB,3022 - CT.UFC/FCPC - CURSO DE ESPECIALIZAÇÃO EM SAUDE DA FAMILIA,2017-01-19,35.0
935,desconhecido,RECEITA FEDERAL DO BRASIL - RFB,3022 - CT.UFC/FCPC - CURSO DE ESPECIALIZAÇÃO EM SAUDE DA FAMILIA,2017-01-19,15.0
936,desconhecido,RECEITA FEDERAL DO BRASIL - RFB,1089 - RESCISAO CONTRATUAL,2017-01-19,3.0
937,desconhecido,RECEITA FEDERAL DO BRASIL - RFB,3022 - CT.UFC/FCPC - CURSO DE ESPECIALIZAÇÃO EM SAUDE DA FAMILIA,2017-01-19,57.45
940,desconhecido,RECEITA FEDERAL DO BRASIL - RFB,3045 - CV. APPLE/IFCE/FCPC - BEPID,2017-01-19,66.0
941,desconhecido,RECEITA FEDERAL DO BRASIL - RFB,3045 - CV. APPLE/IFCE/FCPC - BEPID,2017-01-19,10.73
942,desconhecido,RECEITA FEDERAL DO BRASIL - RFB,3045 - CV. APPLE/IFCE/FCPC - BEPID,2017-01-19,59.24
943,desconhecido,RECEITA FEDERAL DO BRASIL - RFB,3045 - CV. APPLE/IFCE/FCPC - BEPID,2017-01-19,55.0
944,desconhecido,RECEITA FEDERAL DO BRASIL - RFB,3045 - CV. APPLE/IFCE/FCPC - BEPID,2017-01-19,44.0
945,desconhecido,RECEITA FEDERAL DO BRASIL - RFB,3045 - CV. APPLE/IFCE/FCPC - BEPID,2017-01-19,5.52
952,desconhecido,RECEITA FEDERAL DO BRASIL - RFB,3073 - CT - CNPEM/FCPC-SERVIÇOS DE SOLDAGEM EM AÇO INOXIDAVEL,2017-01-19,49.21
953,desconhecido,RECEITA FEDERAL DO BRASIL - RFB,1089 - RESCISAO CONTRATUAL,2017-01-19,25.33
955,desconhecido,RECEITA FEDERAL DO BRASIL - RFB,2924 - CT - UFC/FCPC - IMPLANTACAO E OFERTA DOS CURSOS DE GRADUACAO DA UAB/UFC 2012,2017-01-19,13.78
956,desconhecido,RECEITA FEDERAL DO BRASIL - RFB,2924 - CT - UFC/FCPC - IMPLANTACAO E OFERTA DOS CURSOS DE GRADUACAO DA UAB/UFC 2012,2017-01-19,10.6
957,desconhecido,RECEITA FEDERAL DO BRASIL - RFB,2924 - CT - UFC/FCPC - IMPLANTACAO E OFERTA DOS CURSOS DE GRADUACAO DA UAB/UFC 2012,2017-01-19,21.2
958,desconhecido,RECEITA FEDERAL DO BRASIL - RFB,2924 - CT - UFC/FCPC - IMPLANTACAO E OFERTA DOS CURSOS DE GRADUACAO DA UAB/UFC 2012,2017-01-19,12.72
959,desconhecido,RECEITA FEDERAL DO BRASIL - RFB,2924 - CT - UFC/FCPC - IMPLANTACAO E OFERTA DOS CURSOS DE GRADUACAO DA UAB/UFC 2012,2017-01-19,26.5
960,desconhecido,RECEITA FEDERAL DO BRASIL - RFB,2924 - CT - UFC/FCPC - IMPLANTACAO E OFERTA DOS CURSOS DE GRADUACAO DA UAB/UFC 2012,2017-01-19,8.78
961,desconhecido,RECEITA FEDERAL DO BRASIL - RFB,2924 - CT - UFC/FCPC - IMPLANTACAO E OFERTA DOS CURSOS DE GRADUACAO DA UAB/UFC 2012,2017-01-19,4.71
962,desconhecido,RECEITA FEDERAL DO BRASIL - RFB,2924 - CT - UFC/FCPC - IMPLANTACAO E OFERTA DOS CURSOS DE GRADUACAO DA UAB/UFC 2012,2017-01-19,24.38
963,desconhecido,RECEITA FEDERAL DO BRASIL - RFB,2924 - CT - UFC/FCPC - IMPLANTACAO E OFERTA DOS CURSOS DE GRADUACAO DA UAB/UFC 2012,2017-01-19,14.38
964,desconhecido,RECEITA FEDERAL DO BRASIL - RFB,2924 - CT - UFC/FCPC - IMPLANTACAO E OFERTA DOS CURSOS DE GRADUACAO DA UAB/UFC 2012,2017-01-19,11.66
965,desconhecido,RECEITA FEDERAL DO BRASIL - RFB,2924 - CT - UFC/FCPC - IMPLANTACAO E OFERTA DOS CURSOS DE GRADUACAO DA UAB/UFC 2012,2017-01-19,25.44
966,desconhecido,RECEITA FEDERAL DO BRASIL - RFB,2924 - CT - UFC/FCPC - IMPLANTACAO E OFERTA DOS CURSOS DE GRADUACAO DA UAB/UFC 2012,2017-01-19,9.93
967,desconhecido,RECEITA FEDERAL DO BRASIL - RFB,2924 - CT - UFC/FCPC - IMPLANTACAO E OFERTA DOS CURSOS DE GRADUACAO DA UAB/UFC 2012,2017-01-19,39.22
968,desconhecido,RECEITA FEDERAL DO BRASIL - RFB,2924 - CT - UFC/FCPC - IMPLANTACAO E OFERTA DOS CURSOS DE GRADUACAO DA UAB/UFC 2012,2017-01-19,1.51
969,desconhecido,RECEITA FEDERAL DO BRASIL - RFB,2924 - CT - UFC/FCPC - IMPLANTACAO E OFERTA DOS CURSOS DE GRADUACAO DA UAB/UFC 2012,2017-01-19,27.56
970,desconhecido,RECEITA FEDERAL DO BRASIL - RFB,2924 - CT - UFC/FCPC - IMPLANTACAO E OFERTA DOS CURSOS DE GRADUACAO DA UAB/UFC 2012,2017-01-19,31.63
971,desconhecido,RECEITA FEDERAL DO BRASIL - RFB,2924 - CT - UFC/FCPC - IMPLANTACAO E OFERTA DOS CURSOS DE GRADUACAO DA UAB/UFC 2012,2017-01-19,18.02
972,desconhecido,RECEITA FEDERAL DO BRASIL - RFB,2924 - CT - UFC/FCPC - IMPLANTACAO E OFERTA DOS CURSOS DE GRADUACAO DA UAB/UFC 2012,2017-01-19,50.8
973,desconhecido,RECEITA FEDERAL DO BRASIL - RFB,2924 - CT - UFC/FCPC - IMPLANTACAO E OFERTA DOS CURSOS DE GRADUACAO DA UAB/UFC 2012,2017-01-19,13.92
974,desconhecido,RECEITA FEDERAL DO BRASIL - RFB,2924 - CT - UFC/FCPC - IMPLANTACAO E OFERTA DOS CURSOS DE GRADUACAO DA UAB/UFC 2012,2017-01-19,9.07
975,desconhecido,RECEITA FEDERAL DO BRASIL - RFB,1089 - RESCISAO CONTRATUAL,2017-01-19,1.0
976,desconhecido,RECEITA FEDERAL DO BRASIL - RFB,1089 - RESCISAO CONTRATUAL,2017-01-19,17.78
977,desconhecido,RECEITA FEDERAL DO BRASIL - RFB,1089 - RESCISAO CONTRATUAL,2017-01-19,7.82
978,desconhecido,RECEITA FEDERAL DO BRASIL - RFB,1089 - RESCISAO CONTRATUAL,2017-01-19,11.73
979,desconhecido,RECEITA FEDERAL DO BRASIL - RFB,1089 - RESCISAO CONTRATUAL,2017-01-19,0.8
980,desconhecido,RECEITA FEDERAL DO BRASIL - RFB,2924 - CT - UFC/FCPC - IMPLANTACAO E OFERTA DOS CURSOS DE GRADUACAO DA UAB/UFC 2012,2017-01-19,38.06
981,desconhecido,RECEITA FEDERAL DO BRASIL - RFB,2924 - CT - UFC/FCPC - IMPLANTACAO E OFERTA DOS CURSOS DE GRADUACAO DA UAB/UFC 2012,2017-01-19,38.44
982,desconhecido,RECEITA FEDERAL DO BRASIL - RFB,2924 - CT - UFC/FCPC - IMPLANTACAO E OFERTA DOS CURSOS DE GRADUACAO DA UAB/UFC 2012,2017-01-19,23.59
983,desconhecido,RECEITA FEDERAL DO BRASIL - RFB,2924 - CT - UFC/FCPC - IMPLANTACAO E OFERTA DOS CURSOS DE GRADUACAO DA UAB/UFC 2012,2017-01-19,30.82
985,desconhecido,RECEITA FEDERAL DO BRASIL - RFB,2924 - CT - UFC/FCPC - IMPLANTACAO E OFERTA DOS CURSOS DE GRADUACAO DA UAB/UFC 2012,2017-01-19,45.29
986,desconhecido,RECEITA FEDERAL DO BRASIL - RFB,2924 - CT - UFC/FCPC - IMPLANTACAO E OFERTA DOS CURSOS DE GRADUACAO DA UAB/UFC 2012,2017-01-19,68.33
988,desconhecido,RECEITA FEDERAL DO BRASIL - RFB,1016 - CARTA -  UFC/FCPC RADIO UNIVERSITARIA FM,2017-01-18,20.68
989,desconhecido,RECEITA FEDERAL DO BRASIL - RFB,2831 - CV - FINEP/FCPC - RIMEC  IMPLANTAÇÃO E CONS. DA REDE TEMAT.INSUMO FARMACÊUTICO,2017-01-18,19.0
990,desconhecido,RECEITA FEDERAL DO BRASIL - RFB,0101 - FCPC,2017-01-18,81.8
991,desconhecido,RECEITA FEDERAL DO BRASIL - RFB,0101 - FCPC,2017-01-18,29.96
992,desconhecido,RECEITA FEDERAL DO BRASIL - RFB,0101 - FCPC,2017-01-18,6.84
993,desconhecido,RECEITA FEDERAL DO BRASIL - RFB,0101 - FCPC,2017-01-18,9.45
994,desconhecido,RECEITA FEDERAL DO BRASIL - RFB,0101 - FCPC,2017-01-18,13.47
995,desconhecido,RECEITA FEDERAL DO BRASIL - RFB,0101 - FCPC,2017-01-18,44.44
996,desconhecido,RECEITA FEDERAL DO BRASIL - RFB,0101 - FCPC,2017-01-18,10.6
997,desconhecido,RECEITA FEDERAL DO BRASIL - RFB,0101 - FCPC,2017-01-18,15.37
998,desconhecido,RECEITA FEDERAL DO BRASIL - RFB,0101 - FCPC,2017-01-18,28.89
999,desconhecido,RECEITA FEDERAL DO BRASIL - RFB,0101 - FCPC,2017-01-18,17.51
1000,desconhecido,RECEITA FEDERAL DO BRASIL - RFB,0101 - FCPC,2017-01-18,24.99
1001,desconhecido,RECEITA FEDERAL DO BRASIL - RFB,0101 - FCPC,2017-01-18,22.21
1002,desconhecido,RECEITA FEDERAL DO BRASIL - RFB,0101 - FCPC,2017-01-18,27.86
1003,desconhecido,RECEITA FEDERAL DO BRASIL - RFB,0101 - FCPC,2017-01-18,45.44
1004,desconhecido,RECEITA FEDERAL DO BRASIL - RFB,0101 - FCPC,2017-01-18,23.32
1005,desconhecido,RECEITA FEDERAL DO BRASIL - RFB,0101 - FCPC,2017-01-18,33.46
1006,desconhecido,RECEITA FEDERAL DO BRASIL - RFB,0101 - FCPC,2017-01-18,25.13
1007,desconhecido,RECEITA FEDERAL DO BRASIL - RFB,0101 - FCPC,2017-01-18,12.21
1008,desconhecido,RECEITA FEDERAL DO BRASIL - RFB,0101 - FCPC,2017-01-18,14.81
1009,desconhecido,RECEITA FEDERAL DO BRASIL - RFB,0101 - FCPC,2017-01-18,22.45
1010,desconhecido,RECEITA FEDERAL DO BRASIL - RFB,0101 - FCPC,2017-01-18,22.81
1011,desconhecido,RECEITA FEDERAL DO BRASIL - RFB,0101 - FCPC,2017-01-18,51.05
1012,desconhecido,RECEITA FEDERAL DO BRASIL - RFB,0101 - FCPC,2017-01-18,28.96
1013,desconhecido,RECEITA FEDERAL DO BRASIL - RFB,0101 - FCPC,2017-01-18,11.99
1014,desconhecido,RECEITA FEDERAL DO BRASIL - RFB,0101 - FCPC,2017-01-18,60.67
1015,desconhecido,RECEITA FEDERAL DO BRASIL - RFB,0101 - FCPC,2017-01-18,25.98
1016,desconhecido,RECEITA FEDERAL DO BRASIL - RFB,0101 - FCPC,2017-01-18,31.86
1017,desconhecido,RECEITA FEDERAL DO BRASIL - RFB,0101 - FCPC,2017-01-18,34.44
1018,desconhecido,RECEITA FEDERAL DO BRASIL - RFB,0101 - FCPC,2017-01-18,16.33
1019,desconhecido,RECEITA FEDERAL DO BRASIL - RFB,0101 - FCPC,2017-01-18,5.58
1020,desconhecido,RECEITA FEDERAL DO BRASIL - RFB,0101 - FCPC,2017-01-18,87.54
1021,desconhecido,RECEITA FEDERAL DO BRASIL - RFB,1089 - RESCISAO CONTRATUAL,2017-01-18,0.83
1022,desconhecido,RECEITA FEDERAL DO BRASIL - RFB,1089 - RESCISAO CONTRATUAL,2017-01-18,19.2
1023,desconhecido,RECEITA FEDERAL DO BRASIL - RFB,1089 - RESCISAO CONTRATUAL,2017-01-18,68.26
1024,desconhecido,RECEITA FEDERAL DO BRASIL - RFB,1089 - RESCISAO CONTRATUAL,2017-01-18,14.54
1025,desconhecido,RECEITA FEDERAL DO BRASIL - RFB,1089 - RESCISAO CONTRATUAL,2017-01-18,49.55
1026,desconhecido,RECEITA FEDERAL DO BRASIL - RFB,1089 - RESCISAO CONTRATUAL,2017-01-18,24.29
1027,desconhecido,RECEITA FEDERAL DO BRASIL - RFB,1089 - RESCISAO CONTRATUAL,2017-01-18,11.29
1028,desconhecido,RECEITA FEDERAL DO BRASIL - RFB,1089 - RESCISAO CONTRATUAL,2017-01-18,0.67
1030,desconhecido,RECEITA FEDERAL DO BRASIL - RFB,0101 - FCPC,2017-01-18,57.19
1031,desconhecido,RECEITA FEDERAL DO BRASIL - RFB,0101 - FCPC,2017-01-18,48.43
1033,desconhecido,RECEITA FEDERAL DO BRASIL - RFB,0101 - FCPC,2017-01-18,50.06
1034,desconhecido,RECEITA FEDERAL DO BRASIL - RFB,0101 - FCPC,2017-01-18,27.75
1035,desconhecido,RECEITA FEDERAL DO BRASIL - RFB,0101 - FCPC,2017-01-18,43.14
1037,desconhecido,RECEITA FEDERAL DO BRASIL - RFB,0101 - FCPC,2017-01-18,16.35
1039,desconhecido,RECEITA FEDERAL DO BRASIL - RFB,0101 - FCPC,2017-01-18,45.51
1043,desconhecido,RECEITA FEDERAL DO BRASIL - RFB,0101 - FCPC,2017-01-18,22.08
1046,desconhecido,RECEITA FEDERAL DO BRASIL - RFB,0101 - FCPC,2017-01-18,12.9
1048,desconhecido,RECEITA FEDERAL DO BRASIL - RFB,0101 - FCPC,2017-01-18,70.5
1051,desconhecido,RECEITA FEDERAL DO BRASIL - RFB,3230 - TC. FURUKAWA/UFC/FCPC - SISTEMA INFORMATIZADO DE FERRAMENTAS VERSÃO II,2017-01-11,52.62
1052,desconhecido,RECEITA FEDERAL DO BRASIL - RFB,3230 - TC. FURUKAWA/UFC/FCPC - SISTEMA INFORMATIZADO DE FERRAMENTAS VERSÃO II,2017-01-11,32.44
1054,desconhecido,RECEITA FEDERAL DO BRASIL - RFB,3230 - TC. FURUKAWA/UFC/FCPC - SISTEMA INFORMATIZADO DE FERRAMENTAS VERSÃO II,2017-01-11,31.07
